{"bisbn":{"0":"89-7914-371-0","1":"89-7914-397-4","2":"978-89-6848-042-3","3":"978-89-6848-132-1","4":"978-89-6848-147-5","5":"978-89-6848-156-7","6":"978-89-7914-582-3","7":"978-89-7914-659-2","8":"978-89-7914-832-9","9":"978-89-7914-855-8","10":"978-89-98756-79-6","11":"978-89-98756-89-5"},"btitle":{"0":"Head First Java: \ub1cc \ud68c\ub85c\ub97c \uc790\uadf9\ud558\ub294 \uc790\ubc14 \ud559\uc2b5\ubc95(\uac1c\uc815\ud310)","1":"\ub1cc\ub97c \uc790\uadf9\ud558\ub294 Java \ud504\ub85c\uadf8\ub798\ubc0d","2":"\ubaa8\ub358 \uc6f9\uc744 \uc704\ud55c JavaScript + jQuery \uc785\ubb38(\uac1c\uc815\ud310) : \uc790\ubc14\uc2a4\ud06c\ub9bd\ud2b8\uc5d0\uc11c \uc81c\uc774\ucffc\ub9ac, \uc81c\uc774\ucffc\ub9ac \ubaa8\ubc14\uc77c\uae4c\uc9c0 \ud55c \uad8c\uc73c\ub85c \ub05d\ub0b8\ub2e4","3":"JavaScript+jQuery \uc815\ubcf5 : \ubcf4\uace0, \uc774\ud574\ud558\uace0, \ubc14\ub85c \uc4f0\ub294 \uc790\ubc14\uc2a4\ud06c\ub9bd\ud2b8 \uacf5\ub7b5\uc9d1","4":"\uc774\uac83\uc774 \uc790\ubc14\ub2e4 : \uc2e0\uc6a9\uad8c\uc758 Java \ud504\ub85c\uadf8\ub798\ubc0d \uc815\ubcf5","5":"Head First JavaScript Programming : \uac8c\uc784\uacfc \ud37c\uc990\ub85c \ubc30\uc6b0\ub294 \uc790\ubc14\uc2a4\ud06c\ub9bd\ud2b8 \uc785\ubb38\uc11c","6":"Head First JavaScript : \ub300\ud654\ud615 \uc6f9 \uc560\ud50c\ub9ac\ucf00\uc774\uc158\uc758 \uc2dc\uc791","7":"UML\uacfc JAVA\ub85c \ubc30\uc6b0\ub294 \uac1d\uccb4\uc9c0\ud5a5 CBD \uc2e4\uc804 \ud504\ub85c\uc81d\ud2b8 : \ub3c4\uc11c \uad00\ub9ac \uc2dc\uc2a4\ud15c","8":"IT CookBook, \uc6f9 \ud504\ub85c\uadf8\ub798\ubc0d \uc785\ubb38 : XHTML, CSS2, JavaScript","9":"\uc790\ubc14\uc2a4\ud06c\ub9bd\ud2b8 \uc131\ub2a5 \ucd5c\uc801\ud654: High Performance JavaScript","10":"IT CookBook, Java for Beginner","11":"IT CookBook, \uc778\ud130\ub137 \ud504\ub85c\uadf8\ub798\ubc0d \uc785\ubb38: HTML, CSS, JavaScript"},"bauthor":{"0":"\ucf00\uc774\uc2dc \uc2dc\uc5d0\ub77c,\ubc84\ud2b8 \ubca0\uc774\uce20","1":"\uae40\uc724\uba85","2":"\uc724\uc778\uc131","3":"\uae40\uc0c1\ud615","4":"\uc2e0\uc6a9\uad8c","5":"\uc5d0\ub9ad \ud504\ub9ac\uba3c, \uc5d8\ub9ac\uc790\ubca0\uc2a4 \ub86d\uc2a8","6":"\ub9c8\uc774\ud074 \ubaa8\ub9ac\uc2a8","7":"\ucc44\ud765\uc11d","8":"\uae40\ud615\ucca0, \uc548\uce58\ud604","9":"\ub2c8\ucf5c\ub77c\uc2a4 \uc790\uce74\uc2a4","10":"\ud669\ud76c\uc815, \uac15\uc6b4\uad6c","11":"\uc8fc\uc131\ub840(\uc800\uc790), \uc815\uc120\ud638(\uc800\uc790), \ud55c\ubbfc\ud615(\uc800\uc790), \uad8c\uc6d0\uc0c1"},"bprice":{"0":28000,"1":27000,"2":32000,"3":28000,"4":30000,"5":36000,"6":28000,"7":40000,"8":23000,"9":20000,"10":23000,"11":22000}}